<application>
  <component name="ExportableFileTemplateSettings">
    <default_templates>
      <template name="Mvi Boilerplate.kt" file-name="${FEATURE_NAME}Screen.kt" reformat="true" live-template-enabled="true">
        <template name="Mvi Boilerplate.kt.child.0.kt" file-name="${FEATURE_NAME}ViewModel.kt" reformat="true" live-template-enabled="false" />
        <template name="Mvi Boilerplate.kt.child.1.kt" file-name="${FEATURE_NAME}UI" reformat="true" live-template-enabled="false" />
        <template name="Mvi Boilerplate.kt.child.2.kt" file-name="${FEATURE_NAME}Contract.kt" reformat="true" live-template-enabled="false" />
      </template>
      <template name="Mvi Boilerplate.kt.child.0.kt" file-name="${FEATURE_NAME}ViewModel.kt" reformat="true" live-template-enabled="false" />
      <template name="Mvi Boilerplate.kt.child.1.kt" file-name="${FEATURE_NAME}UI" reformat="true" live-template-enabled="false" />
      <template name="Mvi Boilerplate.kt.child.2.kt" file-name="${FEATURE_NAME}Contract.kt" reformat="true" live-template-enabled="false" />
      <template name="MviContract.kt" file-name="${FEATURE_NAME}Contract.kt" reformat="true" live-template-enabled="true" />
      <template name="MviScreen.kt" file-name="${FEATURE_NAME}Screen.kt" reformat="true" live-template-enabled="false" />
      <template name="MviUI.kt" file-name="${FEATURE_NAME}UI" reformat="true" live-template-enabled="true" />
      <template name="MviViewModel.kt" file-name="${FEATURE_NAME}ViewModel.kt" reformat="true" live-template-enabled="true" />
    </default_templates>
  </component>
</application>